"2001","講義棟","vacant"
"2002","講義棟","vacant"
"2003","講義棟","vacant"
"2004","講義棟","vacant"
"2005","講義棟","vacant"
"2006","講義棟","vacant"
"2007","講義棟","vacant"
"2008","講義棟","vacant"
"2009","講義棟","vacant"
"2010","講義棟","vacant"
"2011","講義棟","vacant"
"2012","講義棟","vacant"
"2013","講義棟","vacant"
"2014","講義棟","vacant"
"2015","講義棟","vacant"
"2016","講義棟","vacant"
"2017","講義棟","vacant"
"2018","講義棟","vacant"
"2019","講義棟","vacant"
"2020","講義棟","vacant"
"2021","講義棟","vacant"
"2022","講義棟","vacant"
"2023","講義棟","vacant"
"2024","講義棟","vacant"
"2025","講義棟","vacant"
"2026","講義棟","vacant"
"2027","講義棟","vacant"
"2028","講義棟","vacant"
"2029","講義棟","vacant"
"2030","講義棟","vacant"
"2031","講義棟","vacant"
"2032","講義棟","vacant"
"2033","講義棟","vacant"
"2034","講義棟","vacant"
"2035","講義棟","vacant"
"2036","講義棟","vacant"
"2037","講義棟","vacant"
"2038","講義棟","vacant"
"2039","講義棟","vacant"
"2040","講義棟","vacant"
"2041","講義棟","vacant"
"2042","講義棟","vacant"
"2043","講義棟","vacant"
"2044","講義棟","vacant"
"2045","講義棟","vacant"
"2046","講義棟","vacant"
"2047","講義棟","vacant"
"2048","講義棟","vacant"
"2049","講義棟","vacant"
"2050","講義棟","vacant"
"2051","講義棟","vacant"
"2052","講義棟","vacant"
"2053","講義棟","vacant"
"2054","講義棟","vacant"
"2055","講義棟","vacant"
"2056","講義棟","vacant"
"2057","講義棟","vacant"
"2058","講義棟","vacant"
"2059","講義棟","vacant"
"2060","講義棟","vacant"
"2061","講義棟","vacant"
"2062","講義棟","vacant"
"2063","講義棟","vacant"
"2064","講義棟","vacant"
"2065","講義棟","vacant"
"2066","講義棟","vacant"
"2067","講義棟","vacant"
"2068","講義棟","vacant"
"2069","講義棟","vacant"
"2070","講義棟","vacant"
"2071","講義棟","vacant"
"2072","講義棟","vacant"
"2073","講義棟","vacant"
"2074","講義棟","vacant"
"2075","講義棟","vacant"
"2076","講義棟","vacant"
"2077","講義棟","vacant"
"2078","講義棟","vacant"
"2079","講義棟","vacant"
"2080","講義棟","vacant"
"2081","講義棟","vacant"
"2082","講義棟","vacant"
"2083","講義棟","vacant"
"2084","講義棟","vacant"
"2085","講義棟","vacant"
"2086","講義棟","vacant"
"2087","講義棟","vacant"
"2088","講義棟","vacant"
"2089","講義棟","vacant"
"2090","講義棟","vacant"
"2091","講義棟","vacant"
"2092","講義棟","vacant"
"2093","講義棟","vacant"
"2094","講義棟","vacant"
"2095","講義棟","vacant"
"2096","講義棟","vacant"
"2097","講義棟","vacant"
"2098","講義棟","vacant"
"2099","講義棟","vacant"
"2100","講義棟","vacant"
"2101","講義棟","vacant"
"2102","講義棟","vacant"
"2103","講義棟","vacant"
"2104","講義棟","vacant"
"2105","講義棟","vacant"
"2106","講義棟","vacant"
"2107","講義棟","vacant"
"2108","講義棟","vacant"
"2109","講義棟","vacant"
"2110","講義棟","vacant"
"2111","講義棟","vacant"
"2112","講義棟","vacant"
"2113","講義棟","vacant"
"2114","講義棟","vacant"
"2115","講義棟","vacant"
"2116","講義棟","vacant"
"2117","講義棟","vacant"
"2118","講義棟","vacant"
"2119","講義棟","vacant"
"2120","講義棟","vacant"
"2121","講義棟","vacant"
"2122","講義棟","vacant"
"2123","講義棟","vacant"
"2124","講義棟","vacant"
"2125","講義棟","vacant"
"2126","講義棟","vacant"
"2127","講義棟","vacant"
"2128","講義棟","vacant"
"2129","講義棟","vacant"
"2130","講義棟","vacant"
"2131","講義棟","vacant"
"2132","講義棟","vacant"
"2133","講義棟","vacant"
"2134","講義棟","vacant"
"2135","講義棟","vacant"
"2136","講義棟","vacant"
"2137","講義棟","vacant"
"2138","講義棟","vacant"
"2139","講義棟","vacant"
"2140","講義棟","vacant"
"2141","講義棟","vacant"
"2142","講義棟","vacant"
"2143","講義棟","vacant"
"2144","講義棟","vacant"
"2145","講義棟","vacant"
"2146","講義棟","vacant"
"2147","講義棟","vacant"
"2148","講義棟","vacant"
"2149","講義棟","vacant"
"2150","講義棟","vacant"
"2151","講義棟","vacant"
"2152","講義棟","vacant"
"2153","講義棟","vacant"
"2154","講義棟","vacant"
"2155","講義棟","vacant"
"2156","講義棟","vacant"
"2157","講義棟","vacant"
"2158","講義棟","vacant"
"2159","講義棟","vacant"
"2160","講義棟","vacant"
"2161","講義棟","vacant"
"2162","講義棟","vacant"
"2163","講義棟","vacant"
"2164","講義棟","vacant"
"2165","講義棟","vacant"
"2166","講義棟","vacant"
"2167","講義棟","vacant"
"2168","講義棟","vacant"
"2169","講義棟","vacant"
"2170","講義棟","vacant"
"2171","講義棟","vacant"
"2172","講義棟","vacant"
"2173","講義棟","vacant"
"2174","講義棟","vacant"
"2175","講義棟","vacant"
"2176","講義棟","vacant"
"2177","講義棟","vacant"
"2178","講義棟","vacant"
"2179","講義棟","vacant"
"2180","講義棟","vacant"
"2181","講義棟","vacant"
"2182","講義棟","vacant"
"2183","講義棟","vacant"
"2184","講義棟","vacant"
"2185","講義棟","vacant"
"2186","講義棟","vacant"
"2187","講義棟","vacant"
"2188","講義棟","vacant"
"2189","講義棟","vacant"
"2190","講義棟","vacant"
"2191","講義棟","vacant"
"2192","講義棟","vacant"
"2193","講義棟","vacant"
"2194","講義棟","vacant"
"2195","講義棟","vacant"
"2196","講義棟","vacant"
"2197","講義棟","vacant"
"2198","講義棟","vacant"
"2199","講義棟","vacant"
"2200","講義棟","vacant"
"2201","講義棟","vacant"
"2202","講義棟","vacant"
"2203","講義棟","vacant"
"2204","講義棟","vacant"
"2205","講義棟","vacant"
"2206","講義棟","vacant"
"2207","講義棟","vacant"
"2208","講義棟","vacant"
"2209","講義棟","vacant"
"2210","講義棟","vacant"
"2211","講義棟","vacant"
"2212","講義棟","vacant"
"2213","講義棟","vacant"
"2214","講義棟","vacant"
"2215","講義棟","vacant"
"2216","講義棟","vacant"
"2217","講義棟","vacant"
"2218","講義棟","vacant"
"2219","講義棟","vacant"
"2220","講義棟","vacant"
"2221","講義棟","vacant"
"2222","講義棟","vacant"
"2223","講義棟","vacant"
"2224","講義棟","vacant"
"2225","講義棟","vacant"
"2226","講義棟","vacant"
"2227","講義棟","vacant"
"2228","講義棟","vacant"
"2229","講義棟","vacant"
"2230","講義棟","vacant"
"2231","講義棟","vacant"
"2232","講義棟","vacant"
"2233","講義棟","vacant"
"2234","講義棟","vacant"
"2235","講義棟","vacant"
"2236","講義棟","vacant"
"2237","講義棟","vacant"
"2238","講義棟","vacant"
"2239","講義棟","vacant"
"2240","講義棟","vacant"
"2241","講義棟","vacant"
"2242","講義棟","vacant"
"2243","講義棟","vacant"
"2244","講義棟","vacant"
"2245","講義棟","vacant"
"2246","講義棟","vacant"
"2247","講義棟","vacant"
"2248","講義棟","vacant"
"2249","講義棟","vacant"
"2250","講義棟","vacant"
"3001","講義棟","vacant"
"3002","講義棟","vacant"
"3003","講義棟","vacant"
"3004","講義棟","vacant"
"3005","講義棟","vacant"
"3006","講義棟","vacant"
"3007","講義棟","vacant"
"3008","講義棟","vacant"
"3009","講義棟","vacant"
"3010","講義棟","vacant"
"3011","講義棟","vacant"
"3012","講義棟","vacant"
"3013","講義棟","vacant"
"3014","講義棟","vacant"
"3015","講義棟","vacant"
"3016","講義棟","vacant"
"3017","講義棟","vacant"
"3018","講義棟","vacant"
"3019","講義棟","vacant"
"3020","講義棟","vacant"
"3021","講義棟","vacant"
"3022","講義棟","vacant"
"3023","講義棟","vacant"
"3024","講義棟","vacant"
"3025","講義棟","vacant"
"3026","講義棟","vacant"
"3027","講義棟","vacant"
"3028","講義棟","vacant"
"3029","講義棟","vacant"
"3030","講義棟","vacant"
"3031","講義棟","vacant"
"3032","講義棟","vacant"
"3033","講義棟","vacant"
"3034","講義棟","vacant"
"3035","講義棟","vacant"
"3036","講義棟","vacant"
"3037","講義棟","vacant"
"3038","講義棟","vacant"
"3039","講義棟","vacant"
"3040","講義棟","vacant"
"3041","講義棟","vacant"
"3042","講義棟","vacant"
"3043","講義棟","vacant"
"3044","講義棟","vacant"
"3045","講義棟","vacant"
"3046","講義棟","vacant"
"3047","講義棟","vacant"
"3048","講義棟","vacant"
"3049","講義棟","vacant"
"3050","講義棟","vacant"
"3051","講義棟","vacant"
"3052","講義棟","vacant"
"3053","講義棟","vacant"
"3054","講義棟","vacant"
"3055","講義棟","vacant"
"3056","講義棟","vacant"
"3057","講義棟","vacant"
"3058","講義棟","vacant"
"3059","講義棟","vacant"
"3060","講義棟","vacant"
"3061","講義棟","vacant"
"3062","講義棟","vacant"
"3063","講義棟","vacant"
"3064","講義棟","vacant"
"3065","講義棟","vacant"
"3066","講義棟","vacant"
"3067","講義棟","vacant"
"3068","講義棟","vacant"
"3069","講義棟","vacant"
"3070","講義棟","vacant"
"3071","講義棟","vacant"
"3072","講義棟","vacant"
"3073","講義棟","vacant"
"3074","講義棟","vacant"
"3075","講義棟","vacant"
"3076","講義棟","vacant"
"3077","講義棟","vacant"
"3078","講義棟","vacant"
"3079","講義棟","vacant"
"3080","講義棟","vacant"
"3081","講義棟","vacant"
"3082","講義棟","vacant"
"3083","講義棟","vacant"
"3084","講義棟","vacant"
"3085","講義棟","vacant"
"3086","講義棟","vacant"
"3087","講義棟","vacant"
"3088","講義棟","vacant"
"3089","講義棟","vacant"
"3090","講義棟","vacant"
"3091","講義棟","vacant"
"3092","講義棟","vacant"
"3093","講義棟","vacant"
"3094","講義棟","vacant"
"3095","講義棟","vacant"
"3096","講義棟","vacant"
"3097","講義棟","vacant"
"3098","講義棟","vacant"
"3099","講義棟","vacant"
"3100","講義棟","vacant"
"3101","講義棟","vacant"
"3102","講義棟","vacant"
"3103","講義棟","vacant"
"3104","講義棟","vacant"
"3105","講義棟","vacant"
"3106","講義棟","vacant"
"3107","講義棟","vacant"
"3108","講義棟","vacant"
"3109","講義棟","vacant"
"3110","講義棟","vacant"
"3111","講義棟","vacant"
"3112","講義棟","vacant"
"3113","講義棟","vacant"
"3114","講義棟","vacant"
"3115","講義棟","vacant"
"3116","講義棟","vacant"
"3117","講義棟","vacant"
"3118","講義棟","vacant"
"3119","講義棟","vacant"
"3120","講義棟","vacant"
"3121","講義棟","vacant"
"3122","講義棟","vacant"
"3123","講義棟","vacant"
"3124","講義棟","vacant"
"3125","講義棟","vacant"
"3126","講義棟","vacant"
"3127","講義棟","vacant"
"3128","講義棟","vacant"
"3129","講義棟","vacant"
"3130","講義棟","vacant"
"3131","講義棟","vacant"
"3132","講義棟","vacant"
"3133","講義棟","vacant"
"3134","講義棟","vacant"
"3135","講義棟","vacant"
"3136","講義棟","vacant"
"3137","講義棟","vacant"
"3138","講義棟","vacant"
"3139","講義棟","vacant"
"3140","講義棟","vacant"
"3141","講義棟","vacant"
"3142","講義棟","vacant"
"3143","講義棟","vacant"
"3144","講義棟","vacant"
"3145","講義棟","vacant"
"3146","講義棟","vacant"
"3147","講義棟","vacant"
"3148","講義棟","vacant"
"3149","講義棟","vacant"
"3150","講義棟","vacant"
"3151","講義棟","vacant"
"3152","講義棟","vacant"
"3153","講義棟","vacant"
"3154","講義棟","vacant"
"3155","講義棟","vacant"
"3156","講義棟","vacant"
"3157","講義棟","vacant"
"3158","講義棟","vacant"
"3159","講義棟","vacant"
"3160","講義棟","vacant"
"3161","講義棟","vacant"
"3162","講義棟","vacant"
"3163","講義棟","vacant"
"3164","講義棟","vacant"
"3165","講義棟","vacant"
"3166","講義棟","vacant"
"3167","講義棟","vacant"
"3168","講義棟","vacant"
"3169","講義棟","vacant"
"3170","講義棟","vacant"
"3171","講義棟","vacant"
"3172","講義棟","vacant"
"3173","講義棟","vacant"
"3174","講義棟","vacant"
"3175","講義棟","vacant"
"3176","講義棟","vacant"
"3177","講義棟","vacant"
"3178","講義棟","vacant"
"3179","講義棟","vacant"
"3180","講義棟","vacant"
"3181","講義棟","vacant"
"3182","講義棟","vacant"
"3183","講義棟","vacant"
"3184","講義棟","vacant"
"3185","講義棟","vacant"
"3186","講義棟","vacant"
"3187","講義棟","vacant"
"3188","講義棟","vacant"
"3189","講義棟","vacant"
"3190","講義棟","vacant"
"3191","講義棟","vacant"
"3192","講義棟","vacant"
"3193","講義棟","vacant"
"3194","講義棟","vacant"
"3195","講義棟","vacant"
"3196","講義棟","vacant"
"3197","講義棟","vacant"
"3198","講義棟","vacant"
"3199","講義棟","vacant"
"3200","講義棟","vacant"
"3201","講義棟","vacant"
"3202","講義棟","vacant"
"3203","講義棟","vacant"
"3204","講義棟","vacant"
"3205","講義棟","vacant"
"3206","講義棟","vacant"
"3207","講義棟","vacant"
"3208","講義棟","vacant"
"3209","講義棟","vacant"
"3210","講義棟","vacant"
"3211","講義棟","vacant"
"3212","講義棟","out-of-service"
"3213","講義棟","vacant"
"3214","講義棟","vacant"
"3215","講義棟","vacant"
"3216","講義棟","vacant"
"3217","講義棟","vacant"
"3218","講義棟","vacant"
"3219","講義棟","vacant"
"3220","講義棟","vacant"
"3221","講義棟","vacant"
"3222","講義棟","vacant"
"3223","講義棟","vacant"
"3224","講義棟","vacant"
"3225","講義棟","vacant"
"3226","講義棟","vacant"
"3227","講義棟","vacant"
"3228","講義棟","vacant"
"3229","講義棟","vacant"
"3230","講義棟","vacant"
"3231","講義棟","vacant"
"3232","講義棟","vacant"
"3233","講義棟","vacant"
"3234","講義棟","vacant"
"3235","講義棟","vacant"
"3236","講義棟","vacant"
"3237","講義棟","vacant"
"3238","講義棟","vacant"
"3239","講義棟","vacant"
"3240","講義棟","vacant"
"4001","講義棟","vacant"
"4002","講義棟","vacant"
"4003","講義棟","vacant"
"4004","講義棟","vacant"
"4005","講義棟","vacant"
"4006","講義棟","vacant"
"4007","講義棟","vacant"
"4008","講義棟","vacant"
"4009","講義棟","vacant"
"4010","講義棟","vacant"
"4011","講義棟","vacant"
"4012","講義棟","vacant"
"4013","講義棟","vacant"
"4014","講義棟","vacant"
"4015","講義棟","vacant"
"4016","講義棟","vacant"
"4017","講義棟","vacant"
"4018","講義棟","vacant"
"4019","講義棟","vacant"
"4020","講義棟","vacant"
"4021","講義棟","vacant"
"4022","講義棟","vacant"
"4023","講義棟","vacant"
"4024","講義棟","vacant"
"4025","講義棟","vacant"
"4026","講義棟","vacant"
"4027","講義棟","vacant"
"4028","講義棟","vacant"
"4029","講義棟","vacant"
"4030","講義棟","vacant"
"4031","講義棟","vacant"
"4032","講義棟","vacant"
"4033","講義棟","vacant"
"4034","講義棟","vacant"
"4035","講義棟","vacant"
"4036","講義棟","vacant"
"4037","講義棟","vacant"
"4038","講義棟","vacant"
"4039","講義棟","vacant"
"4040","講義棟","vacant"
"4041","講義棟","vacant"
"4042","講義棟","vacant"
"4043","講義棟","vacant"
"4044","講義棟","vacant"
"4045","講義棟","vacant"
"4046","講義棟","vacant"
"4047","講義棟","vacant"
"4048","講義棟","vacant"
"4049","講義棟","vacant"
"4050","講義棟","vacant"
"4051","講義棟","vacant"
"4052","講義棟","vacant"
"4053","講義棟","vacant"
"4054","講義棟","vacant"
"4055","講義棟","vacant"
"4056","講義棟","vacant"
"4057","講義棟","vacant"
"4058","講義棟","vacant"
"4059","講義棟","vacant"
"4060","講義棟","vacant"
"4061","講義棟","vacant"
"4062","講義棟","vacant"
"4063","講義棟","vacant"
"4064","講義棟","vacant"
"4065","講義棟","vacant"
"4066","講義棟","vacant"
"4067","講義棟","vacant"
"4068","講義棟","vacant"
"4069","講義棟","vacant"
"4070","講義棟","vacant"
"4071","講義棟","vacant"
"4072","講義棟","vacant"
"4073","講義棟","vacant"
"4074","講義棟","vacant"
"4075","講義棟","vacant"
"4076","講義棟","vacant"
"4077","講義棟","vacant"
"4078","講義棟","vacant"
"4079","講義棟","vacant"
"4080","講義棟","vacant"
"4081","講義棟","vacant"
"4082","講義棟","vacant"
"4083","講義棟","vacant"
"4084","講義棟","vacant"
"4085","講義棟","vacant"
"4086","講義棟","vacant"
"4087","講義棟","vacant"
"4088","講義棟","vacant"
"4089","講義棟","vacant"
"4090","講義棟","vacant"
"4091","講義棟","vacant"
"4092","講義棟","vacant"
"4093","講義棟","vacant"
"4094","講義棟","vacant"
"4095","講義棟","vacant"
"4096","講義棟","vacant"
"4097","講義棟","vacant"
"4098","講義棟","vacant"
"4099","講義棟","vacant"
"4100","講義棟","vacant"
"4101","講義棟","vacant"
"4102","講義棟","vacant"
"4103","講義棟","vacant"
"4104","講義棟","vacant"
"4105","講義棟","vacant"
"4106","講義棟","vacant"
"4107","講義棟","vacant"
"4108","講義棟","vacant"
"4109","講義棟","vacant"
"4110","講義棟","vacant"
"4111","講義棟","vacant"
"4112","講義棟","vacant"
"4113","講義棟","vacant"
"4114","講義棟","vacant"
"4115","講義棟","vacant"
"4116","講義棟","vacant"
"4117","講義棟","vacant"
"4118","講義棟","vacant"
"4119","講義棟","vacant"
"4120","講義棟","vacant"
"4121","講義棟","vacant"
"4122","講義棟","vacant"
"4123","講義棟","vacant"
"4124","講義棟","vacant"
"4125","講義棟","vacant"
"4126","講義棟","vacant"
"4127","講義棟","vacant"
"4128","講義棟","vacant"
"4129","講義棟","vacant"
"4130","講義棟","vacant"
"4131","講義棟","vacant"
"4132","講義棟","vacant"
"4133","講義棟","vacant"
"4134","講義棟","vacant"
"4135","講義棟","vacant"
"4136","講義棟","vacant"
"4137","講義棟","vacant"
"4138","講義棟","vacant"
"4139","講義棟","vacant"
"4140","講義棟","vacant"
"4141","講義棟","vacant"
"4142","講義棟","vacant"
"4143","講義棟","vacant"
"4144","講義棟","vacant"
"4145","講義棟","vacant"
"4146","講義棟","vacant"
"4147","講義棟","vacant"
"4148","講義棟","vacant"
"4149","講義棟","vacant"
"4150","講義棟","vacant"
"4151","講義棟","vacant"
"4152","講義棟","vacant"
"4153","講義棟","vacant"
"4154","講義棟","vacant"
"4155","講義棟","vacant"
"4156","講義棟","vacant"
"4157","講義棟","vacant"
"4158","講義棟","vacant"
"4159","講義棟","vacant"
"4160","講義棟","vacant"
"4161","講義棟","vacant"
"4162","講義棟","vacant"
"4163","講義棟","vacant"
"4164","講義棟","vacant"
"4165","講義棟","vacant"
"4166","講義棟","vacant"
"4167","講義棟","vacant"
"4168","講義棟","vacant"
"4169","講義棟","vacant"
"4170","講義棟","vacant"
"4171","講義棟","vacant"
"4172","講義棟","vacant"
"4173","講義棟","vacant"
"4174","講義棟","vacant"
"4175","講義棟","vacant"
"4176","講義棟","vacant"
"4177","講義棟","vacant"
"4178","講義棟","vacant"
"4179","講義棟","vacant"
"4180","講義棟","vacant"
"4181","講義棟","vacant"
"4182","講義棟","vacant"
"4183","講義棟","vacant"
"4184","講義棟","vacant"
"4185","講義棟","vacant"
"4186","講義棟","vacant"
"4187","講義棟","vacant"
"4188","講義棟","vacant"
"4189","講義棟","vacant"
"4190","講義棟","vacant"
"4191","講義棟","vacant"
"4192","講義棟","vacant"
"4193","講義棟","vacant"
"4194","講義棟","vacant"
"4195","講義棟","vacant"
"4196","講義棟","vacant"
"4197","講義棟","vacant"
"4198","講義棟","vacant"
"4199","講義棟","vacant"
"4200","講義棟","vacant"
"4201","講義棟","vacant"
"4202","講義棟","vacant"
"4203","講義棟","vacant"
"4204","講義棟","vacant"
"4205","講義棟","vacant"
"4206","講義棟","vacant"
"4207","講義棟","vacant"
"4208","講義棟","vacant"
"4209","講義棟","vacant"
"4210","講義棟","vacant"
"4211","講義棟","vacant"
"4212","講義棟","vacant"
"4213","講義棟","vacant"
"4214","講義棟","vacant"
"4215","講義棟","vacant"
"4216","講義棟","vacant"
"4217","講義棟","vacant"
"4218","講義棟","vacant"
"4219","講義棟","vacant"
"4220","講義棟","vacant"
"4221","講義棟","vacant"
"4222","講義棟","vacant"
"4223","講義棟","vacant"
"4224","講義棟","vacant"
"4225","講義棟","vacant"
"4226","講義棟","vacant"
"4227","講義棟","vacant"
"4228","講義棟","vacant"
"4229","講義棟","vacant"
"4230","講義棟","vacant"
"4231","講義棟","vacant"
"4232","講義棟","vacant"
"4233","講義棟","vacant"
"4234","講義棟","vacant"
"4235","講義棟","vacant"
"4236","講義棟","vacant"
"4237","講義棟","vacant"
"4238","講義棟","vacant"
"4239","講義棟","vacant"
"4240","講義棟","vacant"
"5001","講義棟","vacant"
"5002","講義棟","vacant"
"5003","講義棟","vacant"
"5004","講義棟","vacant"
"5005","講義棟","vacant"
"5006","講義棟","vacant"
"5007","講義棟","vacant"
"5008","講義棟","vacant"
"5009","講義棟","vacant"
"5010","講義棟","vacant"
"5011","講義棟","vacant"
"5012","講義棟","vacant"
"5013","講義棟","vacant"
"5014","講義棟","vacant"
"5015","講義棟","vacant"
"5016","講義棟","vacant"
"5017","講義棟","vacant"
"5018","講義棟","vacant"
"5019","講義棟","vacant"
"5020","講義棟","vacant"
"5021","講義棟","vacant"
"5022","講義棟","vacant"
"5023","講義棟","vacant"
"5024","講義棟","vacant"
"5025","講義棟","vacant"
"5026","講義棟","vacant"
"5027","講義棟","vacant"
"5028","講義棟","vacant"
"5029","講義棟","vacant"
"5030","講義棟","vacant"
"5031","講義棟","vacant"
"5032","講義棟","vacant"
"5033","講義棟","vacant"
"5034","講義棟","vacant"
"5035","講義棟","vacant"
"5036","講義棟","vacant"
"5037","講義棟","vacant"
"5038","講義棟","vacant"
"5039","講義棟","vacant"
"5040","講義棟","vacant"
"5041","講義棟","vacant"
"5042","講義棟","vacant"
"5043","講義棟","vacant"
"5044","講義棟","vacant"
"5045","講義棟","vacant"
"5046","講義棟","vacant"
"5047","講義棟","vacant"
"5048","講義棟","vacant"
"5049","講義棟","vacant"
"5050","講義棟","vacant"
"5051","講義棟","vacant"
"5052","講義棟","vacant"
"5053","講義棟","vacant"
"5054","講義棟","vacant"
"5055","講義棟","vacant"
"5056","講義棟","vacant"
"5057","講義棟","vacant"
"5058","講義棟","vacant"
"5059","講義棟","vacant"
"5060","講義棟","vacant"
"5061","講義棟","vacant"
"5062","講義棟","vacant"
"5063","講義棟","vacant"
"5064","講義棟","vacant"
"5065","講義棟","vacant"
"5066","講義棟","vacant"
"5067","講義棟","vacant"
"5068","講義棟","vacant"
"5069","講義棟","vacant"
"5070","講義棟","vacant"
"5071","講義棟","vacant"
"5072","講義棟","vacant"
"5073","講義棟","vacant"
"5074","講義棟","vacant"
"5075","講義棟","vacant"
"5076","講義棟","vacant"
"5077","講義棟","vacant"
"5078","講義棟","vacant"
"5079","講義棟","vacant"
"5080","講義棟","vacant"
"5081","講義棟","vacant"
"5082","講義棟","vacant"
"5083","講義棟","vacant"
"5084","講義棟","vacant"
"5085","講義棟","vacant"
"5086","講義棟","vacant"
"5087","講義棟","vacant"
"5088","講義棟","vacant"
"5089","講義棟","vacant"
"5090","講義棟","vacant"
"5091","講義棟","vacant"
"5092","講義棟","vacant"
"5093","講義棟","vacant"
"5094","講義棟","vacant"
"5095","講義棟","vacant"
"5096","講義棟","vacant"
"5097","講義棟","vacant"
"5098","講義棟","vacant"
"5099","講義棟","vacant"
"5100","講義棟","vacant"
"5101","講義棟","vacant"
"5102","講義棟","vacant"
"5103","講義棟","vacant"
"5104","講義棟","vacant"
"5105","講義棟","vacant"
"5106","講義棟","vacant"
"5107","講義棟","vacant"
"5108","講義棟","vacant"
"5109","講義棟","vacant"
"5110","講義棟","vacant"
"5111","講義棟","vacant"
"5112","講義棟","vacant"
"5113","講義棟","vacant"
"5114","講義棟","vacant"
"5115","講義棟","vacant"
"5116","講義棟","vacant"
"5117","講義棟","vacant"
"5118","講義棟","vacant"
"5119","講義棟","vacant"
"5120","講義棟","vacant"
"5121","講義棟","vacant"
"5122","講義棟","vacant"
"5123","講義棟","vacant"
"5124","講義棟","vacant"
"5125","講義棟","vacant"
"5126","講義棟","vacant"
"5127","講義棟","vacant"
"5128","講義棟","vacant"
"5129","講義棟","vacant"
"5130","講義棟","vacant"
"5131","講義棟","vacant"
"5132","講義棟","vacant"
"5133","講義棟","vacant"
"5134","講義棟","vacant"
"5135","講義棟","vacant"
"5136","講義棟","vacant"
"5137","講義棟","vacant"
"5138","講義棟","vacant"
"5139","講義棟","vacant"
"5140","講義棟","vacant"
"5141","講義棟","vacant"
"5142","講義棟","vacant"
"5143","講義棟","vacant"
"5144","講義棟","vacant"
"5145","講義棟","vacant"
"5146","講義棟","vacant"
"5147","講義棟","vacant"
"5148","講義棟","vacant"
"5149","講義棟","vacant"
"5150","講義棟","vacant"
"5151","講義棟","vacant"
"5152","講義棟","vacant"
"5153","講義棟","vacant"
"5154","講義棟","vacant"
"5155","講義棟","vacant"
"5156","講義棟","vacant"
"5157","講義棟","vacant"
"5158","講義棟","vacant"
"5159","講義棟","vacant"
"5160","講義棟","vacant"
"5161","講義棟","vacant"
"5162","講義棟","vacant"
"5163","講義棟","vacant"
"5164","講義棟","vacant"
"5165","講義棟","vacant"
"5166","講義棟","vacant"
"5167","講義棟","vacant"
"5168","講義棟","vacant"
"5169","講義棟","vacant"
"5170","講義棟","vacant"
"5171","講義棟","vacant"
"5172","講義棟","vacant"
"5173","講義棟","vacant"
"5174","講義棟","vacant"
"5175","講義棟","vacant"
"5176","講義棟","vacant"
"5177","講義棟","vacant"
"5178","講義棟","vacant"
"5179","講義棟","vacant"
"5180","講義棟","vacant"
"5181","講義棟","vacant"
"5182","講義棟","vacant"
"5183","講義棟","vacant"
"5184","講義棟","vacant"
"5185","講義棟","vacant"
"5186","講義棟","vacant"
"5187","講義棟","vacant"
"5188","講義棟","vacant"
"5189","講義棟","vacant"
"5190","講義棟","vacant"
"5191","講義棟","vacant"
"5192","講義棟","vacant"
"5193","講義棟","vacant"
"5194","講義棟","vacant"
"5195","講義棟","vacant"
"5196","講義棟","vacant"
"5197","講義棟","vacant"
"5198","講義棟","vacant"
"5199","講義棟","vacant"
"5200","講義棟","vacant"
"5201","講義棟","vacant"
"5202","講義棟","vacant"
"5203","講義棟","vacant"
"5204","講義棟","vacant"
"5205","講義棟","vacant"
"5206","講義棟","vacant"
"5207","講義棟","vacant"
"5208","講義棟","vacant"
"5209","講義棟","vacant"
"5210","講義棟","vacant"
"5211","講義棟","vacant"
"5212","講義棟","vacant"
"5213","講義棟","vacant"
"5214","講義棟","vacant"
"5215","講義棟","vacant"
"5216","講義棟","vacant"
"5217","講義棟","vacant"
"5218","講義棟","vacant"
"5219","講義棟","vacant"
"5220","講義棟","vacant"
"5221","講義棟","vacant"
"5222","講義棟","vacant"
"5223","講義棟","vacant"
"5224","講義棟","vacant"
"5225","講義棟","vacant"
"5226","講義棟","vacant"
"5227","講義棟","vacant"
"5228","講義棟","vacant"
"5229","講義棟","vacant"
"5230","講義棟","vacant"
"5231","講義棟","vacant"
"5232","講義棟","vacant"
"5233","講義棟","vacant"
"5234","講義棟","vacant"
"5235","講義棟","vacant"
"5236","講義棟","vacant"
"5237","講義棟","vacant"
"5238","講義棟","vacant"
"5239","講義棟","vacant"
"5240","講義棟","vacant"
"6001","講義棟","vacant"
"6002","講義棟","vacant"
"6003","講義棟","vacant"
"6004","講義棟","vacant"
"6005","講義棟","vacant"
"6006","講義棟","vacant"
"6007","講義棟","vacant"
"6008","講義棟","vacant"
"6009","講義棟","vacant"
"6010","講義棟","vacant"
"6011","講義棟","vacant"
"6012","講義棟","vacant"
"6013","講義棟","vacant"
"6014","講義棟","vacant"
"6015","講義棟","vacant"
"6016","講義棟","vacant"
"6017","講義棟","vacant"
"6018","講義棟","vacant"
"6019","講義棟","vacant"
"6020","講義棟","vacant"
"6021","講義棟","vacant"
"6022","講義棟","vacant"
"6023","講義棟","vacant"
"6024","講義棟","vacant"
"6025","講義棟","vacant"
"6026","講義棟","vacant"
"6027","講義棟","vacant"
"6028","講義棟","vacant"
"6029","講義棟","vacant"
"6030","講義棟","vacant"
"6031","講義棟","vacant"
"6032","講義棟","vacant"
"6033","講義棟","vacant"
"6034","講義棟","vacant"
"6035","講義棟","vacant"
"6036","講義棟","vacant"
"6037","講義棟","vacant"
"6038","講義棟","vacant"
"6039","講義棟","vacant"
"6040","講義棟","vacant"
"6041","講義棟","vacant"
"6042","講義棟","vacant"
"6043","講義棟","vacant"
"6044","講義棟","vacant"
"6045","講義棟","vacant"
"6046","講義棟","vacant"
"6047","講義棟","vacant"
"6048","講義棟","vacant"
"6049","講義棟","vacant"
"6050","講義棟","vacant"
"6051","講義棟","vacant"
"6052","講義棟","vacant"
"6053","講義棟","vacant"
"6054","講義棟","vacant"
"6055","講義棟","vacant"
"6056","講義棟","vacant"
"6057","講義棟","vacant"
"6058","講義棟","vacant"
"6059","講義棟","vacant"
"6060","講義棟","vacant"
"6061","講義棟","vacant"
"6062","講義棟","vacant"
"6063","講義棟","vacant"
"6064","講義棟","vacant"
"6065","講義棟","vacant"
"6066","講義棟","vacant"
"6067","講義棟","vacant"
"6068","講義棟","vacant"
"6069","講義棟","vacant"
"6070","講義棟","vacant"
"6071","講義棟","vacant"
"6072","講義棟","vacant"
"6073","講義棟","vacant"
"6074","講義棟","vacant"
"6075","講義棟","vacant"
"6076","講義棟","vacant"
"6077","講義棟","vacant"
"6078","講義棟","vacant"
"6079","講義棟","vacant"
"6080","講義棟","vacant"
"6081","講義棟","vacant"
"6082","講義棟","vacant"
"6083","講義棟","vacant"
"6084","講義棟","vacant"
"6085","講義棟","vacant"
"6086","講義棟","vacant"
"6087","講義棟","vacant"
"6088","講義棟","vacant"
"6089","講義棟","vacant"
"6090","講義棟","vacant"
"6091","講義棟","vacant"
"6092","講義棟","vacant"
"6093","講義棟","vacant"
"6094","講義棟","vacant"
"6095","講義棟","vacant"
"6096","講義棟","vacant"
"6097","講義棟","vacant"
"6098","講義棟","vacant"
"6099","講義棟","vacant"
"6100","講義棟","vacant"
"6101","講義棟","vacant"
"6102","講義棟","vacant"
"6103","講義棟","vacant"
"6104","講義棟","vacant"
"6105","講義棟","vacant"
"6106","講義棟","vacant"
"6107","講義棟","vacant"
"6108","講義棟","vacant"
"6109","講義棟","vacant"
"6110","講義棟","vacant"
"6111","講義棟","vacant"
"6112","講義棟","vacant"
"6113","講義棟","vacant"
"6114","講義棟","vacant"
"6115","講義棟","vacant"
"6116","講義棟","vacant"
"6117","講義棟","vacant"
"6118","講義棟","vacant"
"6119","講義棟","vacant"
"6120","講義棟","vacant"
"6121","講義棟","vacant"
"6122","講義棟","vacant"
"6123","講義棟","vacant"
"6124","講義棟","vacant"
"6125","講義棟","vacant"
"6126","講義棟","vacant"
"6127","講義棟","vacant"
"6128","講義棟","vacant"
"6129","講義棟","vacant"
"6130","講義棟","vacant"
"6131","講義棟","vacant"
"6132","講義棟","vacant"
"6133","講義棟","vacant"
"6134","講義棟","vacant"
"6135","講義棟","vacant"
"6136","講義棟","vacant"
"6137","講義棟","vacant"
"6138","講義棟","vacant"
"6139","講義棟","vacant"
"6140","講義棟","vacant"
"6141","講義棟","vacant"
"6142","講義棟","vacant"
"6143","講義棟","vacant"
"6144","講義棟","vacant"
"6145","講義棟","vacant"
"6146","講義棟","vacant"
"6147","講義棟","vacant"
"6148","講義棟","vacant"
"6149","講義棟","vacant"
"6150","講義棟","vacant"
"6151","講義棟","vacant"
"6152","講義棟","vacant"
"6153","講義棟","vacant"
"6154","講義棟","vacant"
"6155","講義棟","vacant"
"6156","講義棟","vacant"
"6157","講義棟","vacant"
"6158","講義棟","vacant"
"6159","講義棟","vacant"
"6160","講義棟","vacant"
"6161","講義棟","vacant"
"6162","講義棟","vacant"
"6163","講義棟","vacant"
"6164","講義棟","vacant"
"6165","講義棟","vacant"
"6166","講義棟","vacant"
"6167","講義棟","vacant"
"6168","講義棟","vacant"
"6169","講義棟","vacant"
"6170","講義棟","vacant"
"6171","講義棟","vacant"
"6172","講義棟","vacant"
"6173","講義棟","vacant"
"6174","講義棟","vacant"
"6175","講義棟","vacant"
"6176","講義棟","vacant"
"6177","講義棟","vacant"
"6178","講義棟","vacant"
"6179","講義棟","vacant"
"6180","講義棟","vacant"
"6181","講義棟","vacant"
"6182","講義棟","vacant"
"6183","講義棟","vacant"
"6184","講義棟","vacant"
"6185","講義棟","vacant"
"6186","講義棟","vacant"
"6187","講義棟","vacant"
"6188","講義棟","vacant"
"6189","講義棟","vacant"
"6190","講義棟","vacant"
"6191","講義棟","vacant"
"6192","講義棟","vacant"
"6193","講義棟","vacant"
"6194","講義棟","vacant"
"6195","講義棟","vacant"
"6196","講義棟","vacant"
"6197","講義棟","vacant"
"6198","講義棟","vacant"
"6199","講義棟","vacant"
"6200","講義棟","vacant"
"6201","講義棟","vacant"
"6202","講義棟","vacant"
"6203","講義棟","vacant"
"6204","講義棟","vacant"
"6205","講義棟","vacant"
"6206","講義棟","vacant"
"6207","講義棟","vacant"
"6208","講義棟","vacant"
"6209","講義棟","vacant"
"6210","講義棟","vacant"
"6211","講義棟","vacant"
"6212","講義棟","vacant"
"6213","講義棟","vacant"
"6214","講義棟","vacant"
"6215","講義棟","vacant"
"6216","講義棟","vacant"
"6217","講義棟","vacant"
"6218","講義棟","vacant"
"6219","講義棟","vacant"
"6220","講義棟","vacant"
"6221","講義棟","vacant"
"6222","講義棟","vacant"
"6223","講義棟","vacant"
"6224","講義棟","vacant"
"6225","講義棟","vacant"
"6226","講義棟","vacant"
"6227","講義棟","vacant"
"6228","講義棟","vacant"
"6229","講義棟","vacant"
"6230","講義棟","vacant"
"6231","講義棟","vacant"
"6232","講義棟","vacant"
"6233","講義棟","vacant"
"6234","講義棟","vacant"
"6235","講義棟","vacant"
"6236","講義棟","vacant"
"6237","講義棟","vacant"
"6238","講義棟","vacant"
"6239","講義棟","vacant"
"6240","講義棟","vacant"
